{
    "name": "Kuy Resto",
    "short_name": "K-Resto",
    "description": "Website Penyedia Daftar Restoran Dari Berbagai Daerah di Indonesia",
    "start_url": "/index.html",
    "display": "standalone",
    "background_color": "#ffffff",
    "theme_color": "#FFC245",
    "icons": [
        {
            "src": "/images/icons/72x72.png",
            "sizes": "72x72",
            "type": "image/png",
            "purpose": "any"
        },
        {
            "src": "/images/icons/96x96.png",
            "sizes": "96x96",
            "type": "image/png",
            "purpose": "any"
        },
        {
            "src": "/images/icons/128x128.png",
            "sizes": "128x128",
            "type": "image/png",
            "purpose": "any"
        },
        {
            "src": "/images/icons/144x144.png",
            "sizes": "144x144",
            "type": "image/png",
            "purpose": "any"
        },
        {
            "src": "/images/icons/152x152.png",
            "sizes": "152x152",
            "type": "image/png",
            "purpose": "any"
        },
        {
            "src": "/images/icons/192x192.png",
            "sizes": "192x192",
            "type": "image/png",
            "purpose": "any"
        },
        {
            "src": "/images/icons/384x384.png",
            "sizes": "384x384",
            "type": "image/png",
            "purpose": "any"
        },
        {
            "src": "/images/icons/512x512.png",
            "sizes": "512x512",
            "type": "image/png",
            "purpose": "any"
        }
    ]
}